radius,x,y,z
0.54574,0.20878,-1.2349,0.54751
0.2471,0.46142,-0.02,0.58469
0.95365,-1.2726,1.0677,-0.36557
0.062951,-0.91395,-1.2513,1.2361
0.017339,1.3277,-0.46626,-1.0656
0.41854,1.1204,0.46348,-0.31893
0.36427,-1.2102,0.16999,0.91369
0.30643,-0.46125,-0.14031,0.34172
0.22773,0.34981,0.85343,0.12916
0.48564,0.23873,1.4082,1.0625
